{"Epoch Loss":0.2417934146781945,"Epoch Accuracy":0.9027259829160057,"Learning Rate":0.0006,"_wandb":{"runtime":44},"_timestamp":1.734021475382284e+09,"_runtime":32.766364,"_step":0}